x1,x2,c1,c2,y1
1.0621171,4.4569101,2.8157721,-8.6480303,-3.2622874
2.3044693,6.83248,3.8992403,-.49817729,.59053415
3.1612859,10.844951,4.7315021,1.5826061,-138.49619
2.1332958,12.299805,1.1038601,-3.667649,-1.6431834
1.65552,11.004847,2.3277464,-6.9973264,-13.541757
2.6844358,8.4552164,3.4514167,.33225822,86.659081
1.8687348,7.3885498,3.8184693,-3.344583,-58.725922
1.1574541,8.4041281,2.3254397,-7.3537254,20.469467
1.733659,8.3063068,2.6782956,-6.7751894,116.65164
2.4676862,8.2470407,5.1953878,-3.0489383,-71.158028
2.8655708,7.2537098,4.4506183,.654217,98.230545
1.2772928,6.437448,1.8294443,-7.5790749,21.222956
2.6630008,5.9416771,3.4345152,1.0051118,10.612846
2.3946948,9.0999937,3.6541252,-2.0877891,85.32132
2.402319,9.4082537,2.3574991,-1.4107745,-47.496223
1.4809,5.6677666,3.7152708,-7.4095078,-17.873857
2.7019866,6.6069741,1.8559334,1.1354257,-12.864288
.97617221,10.841671,1.6906835,-11.283707,11.834673
2.9175296,7.5018573,2.6931281,2.3353641,-33.255325
1.7767537,9.7589073,3.5730202,-5.8883991,-220.2804
1.5738751,6.5636053,3.3058558,-6.4025974,6.053556
2.3598011,11.163137,4.980051,-4.0128822,64.832893
1.9457941,6.714922,1.9701589,-3.5621603,-38.734467
2.278502,6.3230395,3.2153172,-1.3332965,34.906052
2.5575705,3.8459516,1.7413571,2.0582139,-.81819379
2.8350179,7.7081051,3.2687404,1.5325189,55.121647
1.9872246,8.1989317,.92655873,-5.387816,-42.870678
1.6794209,6.6812506,1.9187021,-4.8443775,39.055466
2.7095482,8.9887857,3.0622542,-.1885252,-42.002251
1.6943012,7.7204118,3.104259,-5.1817889,19.442997
1.67936,7.177413,.87833238,-5.4381223,-10.866817
2.6207674,6.9113131,2.3595538,-.30151308,125.64787
1.9366707,9.6576252,2.6311531,-5.6088543,-19.291775
2.9328091,4.6129332,2.8918943,2.5061185,-9.6112127
1.0143697,7.0704908,2.3586776,-8.1967287,-28.88422
1.10065,6.1500912,.95704293,-7.173728,6.9001632
1.8790152,8.3386765,2.3463738,-3.3876364,-5.3982477
1.6745745,12.869121,2.3299325,-7.0860004,92.183678
1.5540364,5.507659,2.6445022,-4.7447677,-12.659635
1.6573849,7.569653,3.3002594,-5.1037421,-52.362831
1.6912779,6.3044562,1.6545076,-6.2065372,48.311329
1.9189401,10.909165,2.3033175,-4.8331828,99.433502
1.8688742,5.3285251,2.218766,-5.211884,13.573635
1.502008,7.1295543,1.3980048,-7.0495338,-58.756557
2.3736224,6.9104266,2.9601457,-1.1107395,-36.040611
1.4581735,8.1915722,3.0775695,-7.2952108,-13.308253
1.9067428,6.2561588,3.9624462,-4.5962777,64.236847
1.6104872,7.9732556,3.2926862,-5.5375233,66.778336
1.366039,8.2288952,2.8901355,-5.4124594,111.40414
1.2202399,9.0166368,2.1153028,-7.7869143,-67.594238
2.1284845,6.1991963,2.6668978,-2.1557081,-31.555006
1.2767248,7.0798512,2.0177314,-8.1628571,.34640667
2.5840421,12.135283,3.5305052,-3.3736417,19.411905
2.2505329,9.0646734,2.6706362,-3.4637456,117.25147
2.2591801,6.9757185,2.4748161,-1.2073278,-71.085251
2.5769258,7.0050006,2.4331582,.0091847181,56.333752
1.8020808,7.6551332,2.0366566,-5.0082698,61.305672
1.101488,10.267717,2.8681993,-9.9344587,-10.535086
1.1225667,8.8901672,1.535678,-8.6333542,7.0224876
1.8889843,9.0087442,.4693327,-2.6948426,7.1630774
2.073494,6.3580508,3.8148155,-3.9550292,84.1642
1.873497,7.3906116,3.4325266,-4.5474091,61.886642
2.2161469,6.133471,3.1587684,-1.5379825,75.88829
2.3533361,10.525587,3.4634075,-3.3707256,-90.347099
1.9383824,10.100143,3.4251719,-5.5623651,38.145603
1.9743773,9.7636499,2.9645567,-5.1027145,27.692999
2.6119492,8.1018867,5.1727538,-2.4440315,-.25405523
2.0775385,8.7220821,2.7235334,-3.4855433,-85.409485
1.9099255,7.8296957,2.1661441,-3.8627529,-27.51652
2.9550276,5.1300459,2.6467421,2.9045975,49.938171
2.1604035,10.953797,2.6729915,-5.2543006,3.924778
.72361255,7.0240593,1.6468761,-10.077085,15.759729
1.6038858,8.9603415,3.0701571,-4.1134305,89.824875
1.9251652,7.0911922,2.5112736,-3.9208024,-24.179562
2.5468066,6.7167444,4.1353493,-1.0151772,114.84649
2.5270362,4.8964014,3.4608555,1.2549002,.61649346
1.8277097,11.015311,1.6775931,-5.669364,15.185265
2.9145827,8.678894,2.909061,.74113953,151.46046
1.83215,5.2996712,4.1396203,-2.4946661,-11.59376
2.0906794,6.4889855,1.6441481,-2.0269921,-27.444576
2.3855059,10.778681,2.2663288,-2.5325899,17.890184
2.102839,8.9183989,4.3895292,-3.8947327,52.942455
1.5927719,6.899313,2.7794609,-5.6547985,51.532669
1.0757124,6.5844297,3.0979643,-8.7620516,84.858948
1.5597749,9.0417767,2.2530928,-6.431819,33.930054
1.7439775,8.3103085,3.5652831,-3.8173211,115.21438
1.8908335,4.8220763,1.1934247,-3.5631962,-43.558887
1.9758534,8.7315149,2.0158248,-4.0503764,114.21005
2.3765721,5.0837526,2.6494813,-.89646351,78.49324
2.3337545,3.7498126,3.2409868,-.050412893,39.138454
2.3656585,7.9668684,1.9402552,-1.2566762,54.13641
2.5326433,4.3462892,4.054832,-.25698984,10.273975
3.1205182,9.5459509,4.5777569,2.3159935,184.92648
1.8930293,9.2122707,3.0571218,-5.0931501,-58.51001
2.2600179,4.2336245,3.1533906,-.52206612,59.331089
2.1707773,7.2729087,2.5509737,-2.790565,-58.981228
2.1351404,7.4375286,3.0062695,-3.7679923,78.096214
1.4896307,7.8330526,1.9411848,-5.3412895,-1.2377006
2.3597047,7.9978771,3.6795125,-2.4975202,-65.760849
1.2321119,7.607367,5.0010729,-10.543927,115.09937
.95193183,6.8684759,2.865844,-10.126337,76.209579
1.9553217,8.8031588,2.6316366,-4.0331244,50.25964
1.1060212,7.6938152,3.2231727,-10.001193,-35.343567
1.7818992,10.259293,3.3633909,-7.2473373,-43.549744
2.3062868,7.3897934,4.3596959,-2.7338576,-3.7910831
2.4983306,9.0480385,2.6863203,-2.5563033,87.613464
2.4293718,6.9682913,3.3636532,-.79241097,62.757088
1.4988259,9.0357857,1.9768353,-7.0472631,63.420147
1.2050129,7.2430425,3.6795008,-8.038475,44.111874
1.5474306,7.0627332,3.3096056,-6.4231496,-22.049858
2.3091822,11.725929,2.0989022,-2.7587004,35.587082
1.3118126,8.9631014,3.7047141,-6.9862771,-41.275036
1.0288274,10.167077,2.0579855,-9.7003555,-10.892635
1.9921168,9.6602592,3.5392644,-4.4240055,11.097656
2.4786963,8.3735886,3.1388595,-2.4552999,-88.926544
2.1922543,5.9999466,4.793611,-2.5114746,71.600204
1.3411063,7.5051098,2.2426612,-7.1099086,71.091293
2.4416337,7.237751,3.9562306,-1.517264,13.596071
3.020359,10.71284,3.370985,.16377795,42.496014
.89265728,7.0756588,1.5981195,-10.530755,-19.692799
1.7099309,8.3491669,2.8867831,-5.909461,61.465054
1.5132821,10.311596,4.0045633,-7.500062,-136.54671
1.6985551,6.8529353,3.0593092,-4.5556593,101.66187
1.6149091,5.6089797,3.0528522,-4.2709103,51.81765
2.5263534,4.6401253,3.8605418,-.033627272,20.015713
1.8013146,10.206924,4.0591912,-5.7655702,40.374989
2.0226245,6.3834152,3.3936014,-1.8986888,128.84088
2.6435487,8.8282652,5.3403406,-2.4531193,-86.276199
1.7171926,6.7296753,1.7519984,-4.9949121,22.010477
1.4370589,5.066021,2.4690075,-5.4475451,36.9216
2.0652807,11.36631,2.2622602,-4.0982261,-119.71339
2.0801845,8.8061218,2.6839361,-3.8405797,136.3349
1.8325269,6.8650603,2.34904,-4.9305611,79.063286
1.4861097,8.7233124,1.7249124,-8.7165232,-9.6601448
1.8349338,10.513299,3.8031573,-5.9351954,-16.889286
1.6517849,9.3501778,4.4520369,-7.322454,131.34599
1.7815512,6.7285109,2.4006467,-4.6679029,14.07788
2.4358478,5.2266684,3.8343039,-.64427471,24.053919
2.0706508,6.8550243,2.6608057,-2.9033272,-33.470802
2.0495393,9.3113232,3.530724,-4.8494177,-45.491119
2.259701,8.0951033,4.4123912,-3.4951134,-65.371147
2.3347657,4.2660942,2.666332,-1.7231736,-23.220314
2.1001637,11.611266,3.8731122,-5.6152248,-31.959007
1.8875459,6.989418,2.4771941,-3.1423388,48.977913
1.8981801,8.103055,2.1642437,-3.9648304,-66.345413
1.0982497,5.8204889,2.7321491,-7.6339011,61.185127
1.4788625,7.9409742,1.2324607,-6.6120663,30.752319
1.8367538,9.8359728,3.2854826,-5.4283991,-63.824142
1.4958158,8.9761047,2.2993574,-6.4377022,-29.635233
2.5986578,4.6781383,3.3703022,.94212139,96.103271
2.8186512,10.840992,3.1731296,-1.8829248,-93.000458
1.1939636,8.5552225,2.5239434,-7.6306276,-36.739521
2.1526902,6.665813,3.7961888,-3.9789984,8.9747858
1.8862596,8.2679214,3.3687291,-6.9117408,-98.928337
2.1082213,10.556818,3.4268594,-4.119298,58.209656
1.9240927,3.423316,3.7453825,-1.6498568,76.926186
1.719825,6.5822253,1.474824,-5.4752913,19.319881
1.4936501,6.7602301,2.8645277,-5.6728392,11.580061
2.1752605,9.0340042,2.2596135,-4.9677815,56.687943
2.4320064,9.5741415,2.797611,-2.5110471,94.067741
1.9936785,11.230027,3.6178498,-6.1901278,-48.7855
2.193989,9.1415062,2.8381948,-3.0832884,56.901505
2.3421252,5.6654253,3.1214964,-1.9893389,107.8615
1.6883981,9.0847321,3.8155513,-6.8443017,-50.069141
1.9422503,7.5036192,3.5316746,-4.5256815,140.4301
2.3757019,4.9349151,1.5052551,-.19048429,11.579037
1.2474632,5.6694345,1.7613387,-7.4978962,20.099533
2.5033779,9.5577793,3.9572551,-1.7556775,45.270287
1.58614,12.160809,2.1243069,-7.689105,37.189449
1.9960222,8.6115055,1.4503908,-3.0310731,-32.816162
1.2050281,10.577323,3.104743,-10.845881,-95.613426
1.7758715,9.4315004,3.221858,-5.7472892,-38.083897
2.3949029,1.7543826,3.2119491,2.7435091,78.215858
2.8105588,6.997674,4.4592199,.37113094,-86.307526
1.6759334,9.9937439,4.8649049,-8.4323158,81.52652
2.0891063,9.3037615,3.6089008,-5.6045237,-.98805177
1.6473967,9.1141624,3.841557,-7.5625868,39.490948
2.0727711,10.758533,2.0929499,-3.9157805,-7.8167357
2.071928,5.9532962,2.8904762,-2.1329184,18.538738
.83030379,5.410593,3.1617539,-9.1045837,37.425278
2.0793068,9.4768848,2.9071975,-4.2478337,50.593315
1.5918779,9.2155819,3.0318229,-7.7267261,44.091248
2.4885609,9.3926659,5.003499,-2.6170681,-74.591713
1.8437219,10.569186,4.6604128,-6.5578542,-116.8659
1.5189525,4.5229826,2.3325927,-5.4566483,35.831249
2.7421429,6.8730292,2.0084853,.71741414,-12.619627
1.83574,9.8073149,2.0799153,-5.4448199,-45.449013
1.9481519,9.9556036,3.2665358,-4.046401,4.1688008
1.8104531,6.8241034,3.2891421,-4.1236563,19.02508
1.6086396,8.5140104,3.7970045,-6.1035485,-143.05286
2.2145741,4.9601202,3.8766963,.42087376,-18.120544
2.813293,11.003122,1.0515585,-.50221598,-27.582567
2.1787715,7.8383989,3.6040857,-3.5618582,3.880687
1.1742139,9.0492125,3.5101948,-8.6197004,-49.941776
2.0628586,11.124413,2.8105912,-3.3172069,.62875372
1.8109201,11.878855,2.0147998,-5.9032898,8.546587
2.2111149,6.0051184,3.3632295,-1.9847695,-36.30547
1.1906667,5.0422826,2.2248132,-6.8073168,25.271593
1.9752181,8.5992002,1.6463423,-3.4458737,-59.654346
1.9310884,10.936459,3.113512,-6.7729707,95.039108
3.2176018,9.1639805,3.3340111,1.5320518,36.664276
1.9392405,8.8084469,2.4666255,-3.6313975,-59.6464
2.4847655,7.5896878,4.0144382,-1.9257793,139.75793
1.2226093,7.7717347,.25819778,-7.6610165,-12.491949
2.0309651,11.785295,2.5742016,-4.2821331,-65.31485
2.7632728,10.276829,3.2965209,-1.2687016,-23.561981
2.5469036,12.270815,3.4935131,-4.3244915,-30.587957
2.167239,8.8930531,2.6825745,-2.8193171,-2.4722652
1.7162628,9.5056581,2.2778368,-4.8257084,-11.157027
1.9255683,7.6332521,1.7516884,-3.0672863,-38.375412
2.5442507,6.6262774,2.2384474,.58091509,69.251495
1.9622703,12.792433,4.3663683,-7.6175461,-30.822193
1.3959062,7.9281788,2.3472133,-7.0280924,35.859547
2.135273,8.6239462,3.5371318,-4.4396791,-126.2686
2.0719116,9.0976725,4.3811169,-4.41786,-95.676384
2.2141902,8.8564291,3.5252087,-4.9101434,-114.2358
.91218388,7.841084,2.5065141,-9.7885132,-42.235058
1.4552701,7.7890263,1.9621819,-5.9474373,-13.591181
1.3413007,6.1600275,1.8738624,-6.4049911,-26.245176
1.8511481,10.445171,2.5828562,-5.7624788,87.87587
1.641824,8.7138424,1.6493063,-7.006423,40.673485
2.3752475,8.4581585,3.8678663,-2.4544852,19.669289
1.4549897,7.8956289,1.608512,-6.064404,44.763691
2.918987,7.3007059,2.5557194,1.5342966,-9.5075073
2.8107822,8.3947392,3.4263637,-.44800603,42.660049
2.4660428,7.4190607,3.1215916,-.95776987,49.898071
2.0153322,10.731464,1.5547198,-4.7416739,49.805691
1.7620789,3.5628128,3.8038168,-4.8511481,-23.816145
1.4999799,9.1320505,1.7506245,-6.1025281,7.8574605
2.4967601,11.286032,3.0452275,-1.1584578,67.517357
1.9154654,8.0255184,2.9683642,-3.9496751,-55.975136
1.9531244,6.51335,1.8187522,-4.4393134,-134.15332
1.0917788,7.4347906,3.0419595,-9.7327662,51.497528
1.233323,8.4873466,3.3585615,-10.135566,-70.299019
3.0817337,9.765934,2.8508279,1.8942541,-37.333809
2.097635,9.1447811,3.7819843,-4.5160985,-35.382809
2.2945628,6.6255054,3.6859863,-.99386203,-7.8420291
1.5614866,7.9658766,1.3573748,-3.0645885,-45.099625
1.5915238,7.4379845,2.4502339,-5.6160088,54.988369
2.4577014,13.794632,4.1348224,-3.2181516,8.7297401
1.2122755,9.3745279,.33301759,-7.2309957,-66.176079
1.6118656,6.1371722,1.0569502,-5.1287098,-40.855068
2.2162127,5.8580508,1.8674332,-2.1552813,32.877712
2.1149304,8.4777231,4.2056394,-4.2969871,32.187485
1.7799605,7.1630392,4.4221663,-5.3052979,-49.841007
2.9816949,5.176662,3.3819296,3.7448814,107.40958
2.3246958,9.0022717,2.9221907,-1.8061787,165.20638
1.3345392,8.3822889,3.6821241,-9.2620697,-27.405979
2.3154347,9.2685184,2.1235847,-2.8491204,30.437937
2.1862938,8.2139206,3.7742567,-2.645525,50.605503
2.2382107,9.2948408,3.2299457,-3.5058317,-23.080872
2.0591481,8.2634354,3.3612366,-4.4424071,17.7855
1.7087997,7.8282266,2.7307966,-6.2479258,-16.491919
1.7442057,5.6664877,2.5945427,-4.2860126,65.892265
2.5936263,9.8451681,2.9995182,-1.4933796,94.479485
2.1541083,8.1855087,3.5824037,-3.1233861,-42.280285
1.6746051,8.5367098,3.2149,-6.7821856,-21.942526
2.0762866,7.0662427,2.7127743,-3.9767325,-18.702618
1.6721038,6.3025403,2.6302202,-3.3970861,39.934326
2.2584271,8.0185127,5.0074272,-2.9259379,76.944893
2.3670802,10.275258,2.5532255,-.82243705,-12.793887
1.2510674,5.3612862,1.4719561,-6.3373518,-4.6825285
1.7213119,7.9829078,3.1558273,-5.0801287,-56.881157
2.0610383,11.015553,2.9274473,-6.161005,2.4012082
1.7706172,7.8255172,4.3413143,-6.5585604,-131.56761
1.0585605,12.084688,1.3625116,-9.7985964,41.527531
1.7668723,8.611846,1.9828615,-5.6915088,-16.387802
1.9175376,7.6408381,1.0192552,-3.7909784,48.921013
2.2865942,6.9029207,3.0360539,-1.7745136,-33.644993
1.5776607,6.1339793,2.3912098,-5.4059081,40.380394
2.1723108,9.3439903,4.2390146,-5.4208231,101.40935
1.8328986,8.6904736,2.8940618,-3.2969229,5.6387119
2.3090732,6.9647045,2.4423704,-1.4176395,51.548504
2.2257075,9.1440659,3.0388644,-3.2178991,-6.7347498
1.6372426,9.6042652,1.9142307,-6.1222305,-21.451086
1.9796182,6.0740356,2.2603123,-1.4707806,55.095192
1.365912,7.3933458,1.1593572,-5.7819228,-10.570681
1.9134636,8.2986822,3.4419236,-4.7919436,-25.924795
2.2473125,6.7219992,1.9107676,-2.3604398,80.451317
2.2405875,7.2677588,2.1742022,-.33354187,22.272398
2.1793008,8.6972799,2.0125058,-3.6496718,7.9560084
1.1010435,5.904664,5.0354681,-8.521019,96.145058
2.3326485,10.234863,4.6927681,-2.6069627,15.04461
1.6050973,7.2797146,1.7217273,-6.1793914,22.267628
1.3513339,8.0211582,2.7330565,-6.4157033,-30.371969
1.967363,6.2407503,2.9409511,-3.05808,-22.321068
2.9005113,7.996573,5.0309381,-.21840501,70.639999
2.3725753,11.872819,4.8339138,-3.393903,-143.12595
2.832787,7.9105606,1.9446397,1.4341315,-4.25
1.2253821,5.7766714,1.8084186,-5.5125537,7.2706614
2.0785031,8.4447412,2.5575905,-4.2244291,29.703323
2.8593557,6.6622248,3.1176822,1.7867304,88.579765
2.320936,4.1898899,1.9622155,.20677805,33.829426
3.0225,4.876822,2.7119801,4.0963216,16.125336
1.429203,11.5975,1.6476972,-7.9055047,-50.103252
1.6471138,6.9345894,2.1012018,-4.5208354,-74.84304
1.763996,4.8107724,2.1419096,-3.8899236,-16.950392
1.4189516,7.8115888,3.1050367,-7.4407744,79.828735
1.7966017,4.8165636,3.9232242,-3.3638983,169.82903
2.4641395,9.3417292,1.6857164,-1.4368896,23.631481
2.206404,6.0887132,3.1789382,-.084429383,-16.654762
2.286314,11.201358,4.3235188,-4.2172074,66.07238
1.1423759,6.7228932,1.6944058,-8.414279,37.534847
2.3471792,9.3249331,3.3071949,-3.0375876,-12.904174
.43380308,9.0223846,2.3318138,-13.10288,100.03329
1.9539552,9.371913,4.0257206,-6.7868137,-104.60538
1.7410343,9.5728397,3.4378717,-7.3985891,-49.482533
1.8815321,5.3978887,2.9363136,-3.4742742,70.310402
1.7962749,7.4452748,2.9866695,-3.8281941,-77.84201
1.3211561,8.8623018,2.6759038,-8.165534,-50.438629
1.8741289,8.4872169,3.1353886,-5.1354337,23.319233
2.305943,11.483602,5.0558972,-4.1388402,-2.5122666
2.250396,8.5289373,3.5389984,-2.4132433,8.6443014
1.6794353,14.212126,3.3779218,-9.0760489,-95.067635
1.7882265,8.1420345,2.4173775,-4.5839176,79.410797
.73837864,12.691508,2.8373568,-14.215981,-8.7855692
.97046673,5.9025793,3.2531548,-8.6218815,88.982178
2.7837603,11.084538,3.5949926,.049147844,-15.617671
1.5317625,8.4479713,2.4242821,-5.6593742,83.075676
1.6677669,6.9367409,1.5994492,-7.1923099,3.5878911
1.438252,10.051655,2.7419639,-7.5302176,52.385452
1.486567,8.4767962,3.9448113,-7.3076334,-47.348686
1.5171784,7.9175401,2.8395338,-9.2287331,35.995632
1.1418273,6.3325429,.093154907,-8.060585,15.54491
1.5612509,6.3166065,.93557286,-4.2276163,19.192314
2.3389969,7.893981,2.5790555,-2.7372262,-12.887277
2.3159962,10.116999,2.483077,-1.7394671,3.6087403
1.9161958,9.9536791,4.2802439,-4.6134458,91.172493
1.8491163,10.622187,2.0171053,-5.6006479,10.122152
1.5967555,10.38872,2.4574211,-6.6421723,113.56522
2.6665261,10.531718,4.7531281,-1.2485392,38.307484
2.1915321,10.151762,2.3001118,-4.0919161,52.698589
1.2888455,8.3308945,3.1122744,-6.8727379,4.4119072
1.8601166,12.035673,4.3147359,-7.7539401,-188.35922
1.5144051,10.292543,3.7641621,-8.0258722,-102.97308
2.1367586,8.1069012,3.1675773,-3.2878225,87.453041
1.713941,9.76966,4.3412108,-6.5982976,57.812969
2.0041161,5.3947954,1.4424363,-2.0620098,-6.1995487
1.7523222,7.087369,3.3528237,-5.0722938,-33.041214
2.2817354,10.073092,3.2155125,-2.1189942,63.463505
1.5977217,9.0155535,3.660732,-7.4832592,52.546581
1.7254453,5.597578,1.693857,-4.3305144,35.159996
1.7252584,7.8512068,4.1465511,-4.1735544,-10.156147
1.9363942,7.0024791,4.5648999,-4.0596142,-60.511192
1.6131843,8.9262924,2.1625714,-6.9044089,6.376533
1.5497837,11.462077,2.7229974,-9.9431496,-32.199924
1.983476,7.3975101,2.0139084,-2.3902979,-49.318474
1.8884259,5.9412107,2.2917461,-4.1274538,27.452787
1.1935401,7.3377843,1.9727148,-7.4537292,10.250969
2.1001179,8.4358883,4.0112581,-4.5115724,40.559425
2.8248301,9.860508,4.4493084,-.80528128,42.219513
2.1021419,7.2863755,3.6734192,-4.319201,35.227215
1.9552491,10.170281,5.1691265,-7.8761206,153.27336
2.4655838,8.4290438,5.1207018,-1.4979041,107.77712
1.8090004,10.640118,2.2390547,-4.4262576,70.197441
2.566685,7.5359859,2.8472245,-.62652528,-39.639141
2.3432167,5.4610772,3.4470804,-1.9173243,59.760609
2.455631,6.0660424,3.5449326,-1.6867986,-23.865067
1.8537235,9.7499733,3.4798238,-5.2816057,76.50959
2.4706295,4.9579835,3.1714208,-.18660581,8.7135897
1.7391853,7.284348,2.4395297,-3.6459365,29.84523
1.7790979,5.8007517,3.7312295,-5.1764832,65.131287
2.2816951,8.3615255,2.7736065,-3.1957419,31.114506
1.4817514,5.301115,3.6663771,-6.3633165,-37.083107
1.8229872,9.692668,2.7227459,-4.8200998,-16.407906
1.4789629,8.4027023,2.1753926,-6.4804773,5.5805678
1.3282015,4.6936474,2.0333033,-7.0376706,27.035328
2.0876901,7.1403008,3.3405318,-4.0493426,-113.8199
1.9602005,6.0427008,4.2438102,-3.6959112,115.49357
3.2705801,9.2608109,5.4126372,2.1837957,-51.199043
1.751688,6.816824,3.6840572,-5.6283116,-37.257477
2.3515539,4.7866092,3.6106195,-2.0485122,-13.948268
2.2743516,6.6335378,4.1255856,-3.6433136,-99.211555
2.1217747,9.3905859,3.5816197,-3.7393782,32.218189
1.8977236,6.9813337,3.5913892,-3.7251182,122.71222
1.865783,8.4578333,4.5406733,-5.6992178,-96.204445
2.0431862,8.1879377,2.3383627,-4.1461954,-30.946115
3.1716633,3.7018218,3.3560238,4.8319864,17.89793
2.1321933,8.9315491,2.9539731,-4.0659471,-50.911816
1.7681675,9.7208652,4.0292606,-6.2419081,-17.439398
2.4728956,10.074079,3.9398298,-2.6217315,115.77896
1.702554,8.1473856,2.7876267,-7.1611662,-8.3897209
1.7946222,7.9029593,3.0104365,-3.9884439,-65.949142
2.2831125,4.7219319,2.7189009,-.78549516,51.627415
1.48487,7.1833329,2.9975195,-6.8856173,28.845358
1.2392917,5.6637917,1.9527247,-6.8878355,-29.414328
2.5732262,7.9850216,3.7031989,-1.487224,29.698179
1.8245412,4.8365293,2.5751076,-4.3282385,52.234089
2.133332,12.287342,2.5615034,-5.583158,3.2897139
2.1766205,3.5699615,3.2014101,-1.0469369,36.748981
2.94485,4.5685067,2.8610473,4.2172737,-53.731323
2.2245147,9.0339022,2.9173012,-3.5686045,2.5345798
1.9958103,7.7233815,2.9972699,-3.0825856,41.950386
2.041343,6.7575784,2.0216446,-4.3885388,30.370674
1.3631237,6.0921531,.95599055,-5.8614507,2.6226983
2.1581037,10.6738,4.3314815,-4.4111776,73.620132
1.8414569,9.7842236,2.9189351,-5.4000731,15.453125
1.4440631,6.6200199,4.9267054,-9.0728683,24.155056
2.4557972,11.324375,3.0111244,-2.5619516,62.190762
2.0304246,8.8351803,4.5729666,-5.9165721,-11.833096
1.5354252,10.816059,2.3964634,-7.5217867,25.07316
2.9797769,9.1437006,3.5891387,.94817424,10.195463
3.0076356,5.3736382,3.0917528,2.7504556,-19.22625
1.581261,7.6600637,1.8020699,-7.0994062,6.5754967
1.8630848,8.8069363,2.2490959,-3.97931,7.4752941
1.818688,8.2209444,2.9023936,-5.3681631,34.491623
2.1468096,5.9448729,2.9826505,-2.3164387,-60.275692
1.4456892,4.6634789,3.3961751,-5.9651213,6.9794612
1.822273,7.9638443,2.4405806,-5.5258112,-73.89389
2.4285302,6.7665639,2.8585043,-1.4817276,-44.458755
2.4037604,6.7510819,3.9569213,-1.8552363,98.58744
1.9254702,11.163504,3.518961,-5.3864403,-122.23945
1.9518127,9.6212387,2.0930071,-4.7041864,-36.976707
1.6667644,6.7575746,2.3643517,-5.2491283,81.411339
2.8458016,8.2121305,2.4172678,1.700894,-61.722973
1.4840176,7.4597559,2.9633524,-6.7443218,63.22562
1.6614616,9.6717482,3.2050657,-7.2215486,15.952768
1.7061749,7.2158337,1.945629,-4.9187999,-10.782041
1.7769713,8.2896681,3.6551361,-4.9212632,34.310894
2.308989,7.5001321,1.0026958,-.00032567978,-3.6869998
2.3000524,9.3123817,3.8778572,-2.5832076,98.948204
2.4866159,4.4144163,3.66203,-.58333814,20.895407
1.557333,7.5498705,3.7019627,-5.6311707,30.333462
1.2186112,8.2666168,.9091382,-7.3859344,-2.9471445
1.117411,9.4303322,2.8498876,-8.8187771,-9.1161489
1.7329257,7.8400755,2.3742285,-3.8782959,5.8236337
3.0795693,7.3404956,4.0107069,.96872711,-25.934458
1.856508,10.583401,3.8762984,-7.9695034,23.49016
2.2448328,6.0520091,3.2673171,-.59582937,-11.958892
1.9216956,7.8762531,3.815309,-4.1353984,44.849918
2.3112078,7.064548,3.4641554,-2.3200262,-148.89182
1.7353132,5.2583027,3.1384146,-5.0069118,-18.035879
2.3403807,9.9421129,3.4302912,-3.6373196,-35.435886
2.445348,6.7259035,3.5786166,.11032224,56.220932
2.2952306,10.347961,4.6692123,-4.0208426,44.81171
2.506041,10.668269,5.1076555,-5.2285223,-55.250179
1.9586728,6.030601,2.2888556,-2.0204268,35.978283
1.8415684,8.4365387,2.0718241,-5.1749706,35.732224
1.6687727,8.8524475,.80830407,-5.8192115,45.019588
1.9732248,4.9218311,3.3338461,-3.0588913,39.035004
1.2872851,7.7896199,.88397646,-8.4112711,3.4372482
3.1363726,1.5488429,3.6438248,5.6695294,111.68026
2.2691703,8.767436,3.205297,-3.6526797,-12.948033
2.3001847,9.0298882,.59514332,-2.9123602,-6.5695386
2.7681837,5.5254774,3.9174013,.96207023,158.36987
2.2601442,7.6327848,3.0882647,-1.2801108,-25.536615
1.4576313,8.4490976,1.5580075,-7.472908,-58.659325
1.8344227,8.3885746,2.8341482,-4.9701133,6.6342487
1.6808589,6.7715111,2.7184153,-4.0360975,-16.675165
2.4682252,8.2484484,3.6906481,-.80953705,-52.475388
2.3055246,12.821484,3.5059175,-5.9137416,27.40633
1.6971521,11.772691,2.9452796,-7.5515156,-36.28093
2.0109501,11.367495,3.820148,-5.659317,19.217594
1.4858347,7.4623394,2.245852,-7.3689132,50.56287
1.382025,7.4903474,2.2344944,-6.5824718,72.630882
1.7389976,8.4978189,1.7246259,-4.7041283,12.410893
2.264648,8.160244,3.7333107,-3.4876404,-22.649694
2.421401,4.663805,3.4604137,-1.3375523,9.6639271
2.5818379,7.8957863,5.2525425,-.95771444,-78.175705
1.4443591,9.5002909,2.8691833,-7.9798856,88.45504
1.8693155,5.0632458,4.0764689,-5.3180394,87.399055
1.7301986,3.2742858,4.1803493,-4.3520889,4.0214896
2.7999971,8.3086109,1.7739176,.6872071,-68.641411
1.2599875,7.1526794,1.8649849,-7.1648321,-38.936718
3.0001791,6.9453864,3.4525013,1.3713989,-52.674057
2.534163,9.1253929,4.3905931,-3.1277361,169.79111
1.7250767,6.9955559,2.0936759,-3.6707435,30.364662
1.7600809,7.4549003,1.696301,-5.0643392,41.544804
2.3526995,8.5561161,4.2329903,-3.6010938,-45.063187
1.9891802,5.5617743,2.4039831,-2.9048486,2.9325404
2.0599825,6.1033096,4.2167921,-1.8179053,13.762552
1.5972584,5.8696823,2.9949548,-6.0271139,80.469276
2.3531654,3.8929491,2.9369798,-.25553715,-29.81126
3.0152202,7.9828887,3.0871727,1.6866651,55.280472
2.3572118,11.601655,3.3733866,-3.8906343,94.91333
2.0560145,7.4571657,2.3857994,-4.3633609,-17.487137
2.1923652,6.8835974,3.8524177,-3.7222393,-71.061096
2.5986369,9.5384455,5.0246925,-3.6592822,88.625183
2.562021,9.773324,2.7710037,-.53807425,41.096836
3.6023824,10.538507,5.0597715,2.6298106,105.11609
1.753566,7.9932723,2.8109863,-7.2261209,38.909679
1.2449676,5.5100284,3.8967788,-6.7607985,139.6731
2.6253788,6.8321729,1.7175261,-.73721325,57.148941
1.7574745,6.4321771,3.1585627,-4.7635918,-59.88591
1.3450711,9.267148,2.4536364,-7.6023006,11.144608
2.0242488,7.457583,2.6669533,-3.8541439,30.428711
2.2195134,5.7128506,2.296701,.097428679,67.137756
2.4864783,10.592628,3.0345104,-1.3171182,54.47776
2.4564991,8.7061872,4.8502855,-.98283458,-2.202599
2.2229512,7.3658752,2.7005475,-1.5531634,-2.214282
2.4901786,7.5965419,4.7922692,-2.9215381,24.923389
2.0396016,7.2863178,2.2713494,-1.0342994,38.079639
1.8022557,6.9895415,2.3756943,-3.5069349,68.170204
1.4804965,8.5580921,2.783107,-7.2095742,57.591995
1.6625829,9.1452436,3.5658848,-7.9027252,179.89709
.84731245,6.8940458,1.401461,-9.7554884,26.149614
1.8493421,7.2566032,2.728302,-4.3323183,-3.7241683
2.2544279,7.9264722,2.8651166,-2.9038134,-94.363335
1.8837967,9.5701962,2.7931039,-5.365984,6.5256648
2.3065176,5.2212925,.94260192,-.63594162,33.638462
2.1868298,7.7350039,2.9243031,-3.5404739,-52.461456
2.212254,7.6938019,3.4741268,-1.1061966,28.280291
2.3452764,8.2515917,2.9972141,-3.0612535,-21.857895
1.780156,11.080303,1.4466416,-5.3295512,19.972994
3.0743575,6.8812442,3.1463563,2.9446425,47.467613
1.8606334,7.0231395,3.6333771,-4.6791277,19.559408
2.5484788,10.954095,2.9322355,-2.4669173,92.900246
3.1526995,7.4446239,2.0662651,3.4317775,14.250054
2.2897871,7.8308444,3.5601907,-2.1245146,100.35454
1.6999677,5.8642168,1.2033376,-3.9520078,18.937241
2.0795815,4.354382,2.6860495,-2.4996433,92.658913
2.4844818,9.250721,3.5639372,-2.3027921,-27.695419
1.8227241,9.6953516,2.8497369,-3.889971,43.155376
2.2763569,8.0620842,3.3955765,-1.789243,26.087591
1.6482663,8.7324276,2.2091255,-5.9248366,30.28253
1.8669279,10.424508,2.6653087,-6.1882391,29.192823
1.7761129,10.830424,3.4586604,-7.7102175,66.378723
2.6332803,7.6585608,3.464993,-1.7166866,-72.758652
1.6036994,6.9887309,2.1704681,-7.0789967,13.224189
1.3901837,8.6255455,2.4544504,-7.0751519,28.699608
1.572415,8.2463942,2.3960497,-6.11731,-27.463978
2.0364299,4.9941282,4.1368465,-3.3192408,90.375038
2.3121243,9.4286594,4.1615009,-4.2814541,-28.136118
1.7580278,8.8750973,3.6732845,-7.4158044,-14.906687
2.7539351,7.2663455,3.1223233,1.4564432,113.40602
2.0488403,6.6238642,1.4791815,-1.7577596,-.70306599
2.8634923,7.3148885,4.7216835,1.2250165,149.18457
1.9298638,10.889832,2.2774401,-4.62677,52.608295
1.2722454,8.7641544,3.9542055,-7.8020425,-.13854568
1.0447581,6.3056564,2.7028944,-7.6166925,22.584785
1.5398595,6.4391623,1.6348733,-4.9327049,-9.0348949
1.6637776,6.2140584,4.685863,-5.9187078,150.44444
1.6591837,9.7397404,1.8554771,-7.2402792,-31.404469
2.3304386,5.0095606,1.5755563,-.75900745,-19.881432
1.9096317,7.2964387,2.280257,-3.0884724,-57.78376
2.8910267,6.1645823,2.9450901,.48511267,-51.047905
1.1679678,5.7747278,2.9474812,-7.8655071,54.21138
2.5372272,4.2695818,3.9544055,.072350025,49.403576
2.3196778,11.14404,5.5413809,-3.6401582,24.453711
1.9552773,6.7039871,4.7980528,-4.984376,-38.597061
2.4450469,7.4413643,1.7219633,.42716444,-24.957676
2.1124985,8.3573971,2.4644594,-4.1525526,-20.070024
2.004271,8.9920292,3.037183,-4.9077754,24.375549
2.2542965,8.7407675,1.9007275,-1.8315256,41.111168
2.2367086,5.8124409,4.3928843,-1.4900548,30.176571
1.8274498,7.654954,1.4870802,-4.8218875,-4.4791069
2.3536727,9.9481764,4.3715329,-2.6367135,-143.26091
1.6074222,9.3644705,2.7555535,-6.2101817,-1.6734837
2.0779335,10.414721,4.3466487,-5.7806835,-134.18263
1.9161777,4.6361623,3.1896605,-2.7499232,-1.3020556
2.8729522,6.9566379,3.2388225,2.0663621,80.055565
2.5908544,5.6576052,3.5212431,.86601853,67.366234
2.1538174,7.5298266,3.6890495,-3.7949314,38.403179
1.3323073,9.3175564,4.0292454,-9.3908091,97.947433
2.7783928,8.9282694,3.8506036,.023717642,93.21402
2.0393145,9.2022285,3.2528145,-2.0483537,-95.642838
1.6080934,6.8970852,4.7842951,-7.5536327,.95504332
1.5290822,3.4320402,3.3648572,-5.6198125,9.7099018
1.058749,9.7828121,3.0769081,-10.525225,64.790634
2.4485879,7.0075464,4.4487562,-2.0504017,85.744858
2.3710275,7.5897069,3.5495338,-1.5395248,-39.988106
2.1738446,8.1621122,3.1714685,-3.3019931,67.016907
2.0262427,6.5931501,3.9466047,-2.9996011,100.11804
2.5196714,4.9507713,3.4098821,.70977485,77.772034
1.7946743,7.4362917,3.6072717,-4.7481699,10.261626
1.6028048,8.3191614,2.7502866,-6.1376629,4.0184855
1.7622501,9.5973034,.71298957,-4.2798629,-23.30554
1.7824577,9.5895834,3.6569827,-6.5577893,88.287064
2.4643607,11.203814,1.336947,-2.0167613,5.8115468
1.7057476,7.3070788,3.4923186,-5.1305251,-22.565584
1.7755226,12.258986,2.8674407,-6.6433425,138.12401
1.8246723,8.4674196,4.1706414,-6.1822829,114.05002
1.8204174,7.8551388,2.5487237,-5.4536548,78.721703
1.9394447,6.0932488,1.2708675,-1.7880878,6.9192438
1.9429758,10.420924,3.8535616,-5.3780389,26.46776
2.2275224,7.0439663,3.4656255,-2.8972235,105.63551
1.774352,5.3164787,4.250905,-5.3129201,49.40395
1.3285415,8.7076359,1.2752783,-7.2293935,-8.2761049
2.7790709,6.5430102,4.8260975,1.4821784,-154.15004
1.962046,9.4215736,2.2785468,-5.241539,18.995625
2.2284048,8.8223782,1.9965798,-3.2694018,-33.027138
1.696717,10.215641,.10967159,-5.0312252,39.7813
2.0011647,5.4929495,2.9910553,-2.191196,84.101486
2.6533961,9.9038706,4.1975126,-.46341193,-25.808985
1.5375336,11.153801,2.0767627,-6.9208589,-1.7552428
1.67362,6.3620753,1.5937788,-5.3858237,22.427113
1.9777621,3.1706867,3.6643939,-4.2481804,14.946398
1.1690164,9.5848932,3.7668161,-10.179834,86.777916
2.3383741,9.3591728,1.4880992,-1.9190049,-76.111549
2.3735511,4.331357,3.2149327,.18634355,132.46878
1.40713,10.923758,3.1866598,-9.5483408,-17.175303
2.1651454,8.9969788,2.3552737,-3.1667123,-35.700172
2.551563,8.5005922,4.9288373,-1.2504332,-86.28788
1.8979281,7.0845976,2.7955174,-4.03337,69.287773
2.2285674,4.6983562,2.9560623,-1.1751838,-67.856628
.64144886,6.3867865,1.6544679,-9.9036217,-17.909811
1.2122775,8.2717762,2.9887576,-8.8001385,-52.967091
1.5562205,8.8441954,1.9396244,-6.2945032,24.316803
1.2158118,8.5748119,2.8034303,-8.9059534,122.88097
2.3417568,9.2185068,2.9693966,-.52058947,4.2023001
2.6848469,9.5060301,3.5910282,-.63228989,-33.045322
2.0379617,6.3643837,3.221288,-4.2771597,3.0212221
2.2316175,8.820796,1.5313329,-1.3622074,74.652023
1.8507098,6.2107296,3.4775531,-3.9982264,-39.90564
1.8113234,8.9788666,3.3906674,-5.2405114,16.972065
2.3314338,6.3016162,1.9205949,-.28557146,-77.425606
2.3076022,6.8447318,2.6683569,-1.2065369,-60.975193
2.5015843,8.0804491,3.8900328,-2.1425853,-62.743706
.88595235,10.167839,1.7146617,-10.835232,-104.07063
2.3448951,4.1492815,2.9516871,-.099408627,22.615744
1.3940718,10.550665,2.032881,-8.3248711,-26.669283
1.575838,12.083782,3.2863698,-6.5716805,-6.1245594
1.9693344,11.363176,1.2652254,-4.3721404,-66.442024
.67674243,9.0802574,2.266602,-11.652134,-12.417579
1.5015559,6.9650922,3.5416031,-7.3005347,-48.128937
1.1455499,6.931108,1.3549645,-6.4296813,6.0053034
2.3891759,7.971663,4.0148554,-1.9978938,118.18611
1.5147775,7.5152926,2.098083,-5.6683421,-33.05162
1.2294527,5.8693609,2.9879825,-8.1656713,-128.88611
1.5873511,5.8861675,2.0893826,-4.5256076,-7.2617049
3.0996873,5.580719,4.5248418,2.237992,24.351868
1.6772873,8.7889795,3.938705,-6.590538,70.518845
1.8989971,6.3773828,2.6744313,-4.1278658,.32064822
2.2568161,7.5861402,2.1521597,-.19324231,23.914408
1.7599196,8.9574347,4.2795858,-5.5960603,-37.838902
1.9781463,8.1288385,2.8674393,-2.4317546,2.1244199
2.5570853,7.8580685,3.8510971,-1.5280085,19.685472
1.5190647,6.7053299,2.1513169,-5.8670816,16.977057
2.0302594,6.8156595,5.0197797,-4.7347403,81.334648
1.5667591,6.3900566,2.2203777,-4.6537509,16.578863
2.3210244,6.6664519,5.0538292,-2.3242192,16.89814
2.2442284,6.1244564,3.7269394,-2.3353171,100.38293
1.8404373,6.9636674,2.7229562,-3.4956594,-15.895139
2.3646111,8.0975161,2.2807474,-1.9588866,-42.809925
1.6974001,6.8065867,3.4367359,-5.9672399,18.490456
1.6790251,11.431303,3.1520379,-7.3043566,73.954315
1.6852198,8.865694,3.206636,-7.5192103,4.1795783
1.9071292,4.5059018,1.8539639,-.80208623,39.612999
1.9963269,6.6498594,3.1780951,-4.4189515,38.614689
1.9974188,6.0412607,3.7559893,-3.023819,19.100727
1.2783327,6.8359957,1.9958422,-7.4616194,38.238605
1.8900837,8.3252134,1.5180707,-4.8462324,36.904606
1.5618696,7.7593193,2.2645493,-6.098824,-2.2073398
1.623271,8.2007017,2.0675292,-5.5675268,-18.062634
1.5384139,3.3856888,4.3182154,-6.5188227,-10.818927
2.8996863,7.7872233,4.8156362,-.55117846,-38.507133
2.7453856,5.7943859,4.0639009,1.7019368,74.745049
1.9145645,6.7191811,2.1798186,-2.5864007,-14.3851
2.4580629,5.294652,4.38626,-.25988591,122.65029
2.5285063,7.3733449,3.2057254,.11380589,83.089523
2.6961107,6.0717797,2.807133,2.0594857,112.05345
1.7323261,6.9216628,2.4346447,-3.4082577,61.400555
2.2898836,6.7790241,2.5904655,-1.4769565,-27.750954
2.1886451,6.9761262,3.5787721,-2.0783932,114.40684
2.4931049,9.926054,3.2045624,-2.0567508,19.627279
2.3708432,3.2078166,4.0693674,-.19036806,-138.48131
2.1919072,9.8704519,2.7058382,-5.9243703,-17.718876
2.6285162,6.4787436,3.3092153,.47074318,156.71915
2.2599752,3.2928581,3.3934977,-1.5128131,-26.810469
2.8244135,11.579712,3.0085866,.59430039,74.56012
1.3531506,5.7776852,1.3205166,-4.649662,-5.0496278
2.325233,6.1360559,2.7666051,-2.0389569,11.819816
2.9726338,9.3033352,3.1170297,-.66198945,12.06759
2.4032574,7.3005776,4.3426008,-2.8468995,-32.283405
3.1674166,10.149995,4.688798,.78882098,77.008392
1.541135,7.6819949,2.3170135,-6.5063634,64.397697
1.3678567,8.790164,2.1561596,-8.030508,22.14102
2.5559795,10.584827,3.798084,-2.6741109,-4.3200116
1.9401759,8.8561287,3.1436303,-4.5017481,29.712481
2.0848641,6.0156746,2.1843417,-1.3377244,28.127575
1.9533602,9.1776991,4.7562952,-5.3425541,-157.24493
2.7981122,6.9202271,4.0654554,-.3978616,-75.381721
1.8804209,9.9292793,1.7305338,-4.8771625,24.887009
2.0241134,7.8316045,5.0827827,-5.4141006,-20.97942
2.1237056,6.3820944,2.3374033,-4.1490879,21.602049
2.5790598,9.7810059,3.2729166,-1.0698457,-51.841183
2.1563981,9.3132763,4.4133544,-4.6968894,198.7442
2.3956857,5.9205551,2.4083691,-1.2578478,95.086929
1.7739561,7.7579851,2.4235682,-5.8478293,.39645529
1.5619445,8.1172028,2.4296606,-5.3682013,31.173727
1.8701394,6.9830689,3.3593764,-3.2409506,-64.67157
2.1040978,6.9305615,3.1927369,-2.9698164,34.406738
2.8327439,9.5635538,4.3097601,-.88935673,-83.396698
2.3268564,9.9729471,4.467031,-2.5737092,-29.259911
2.0248554,9.9247408,1.7098109,-2.9776402,-29.761305
1.342689,8.3574438,4.2186108,-7.3857756,-16.010305
2.4074435,8.1418724,3.5764978,-3.3532996,42.450584
2.3586216,2.4833584,3.2449806,-.57640588,140.32826
1.7595552,9.6307564,2.3802819,-6.6754951,15.925671
1.1219298,8.5822058,2.5006022,-8.9156618,35.011608
2.0473149,9.0718861,2.7328987,-3.5521569,-1.0607579
.52948308,5.8466034,-.16730404,-10.401386,-8.8937111
1.5202805,7.3576379,2.5031383,-5.8471284,-12.648938
2.1257963,8.7735443,3.4917333,-3.8796873,51.545349
1.826589,9.4499512,2.6258261,-4.391809,21.267321
2.4100554,8.9440765,3.9969454,-1.1021047,141.49634
1.5680858,7.0815415,3.4541073,-6.8456979,.79184848
1.2938031,6.1945176,2.2834795,-7.6517119,24.007982
2.7669678,6.9392147,1.571812,.014760852,52.926289
1.4770747,6.0846314,1.0136966,-5.4082212,-5.8112531
2.2008922,8.3333368,2.6937981,-3.2413259,-13.858498
1.8821228,6.4319978,2.0754542,-2.681972,21.410217
2.2434921,6.6069946,2.350812,-2.3285525,-49.377583
2.3893077,5.2170134,2.2015419,.95044625,-91.770897
2.0598185,8.3448277,1.9498209,-4.9044256,43.754055
1.4274297,11.180047,2.3535154,-7.607543,-111.18443
2.104372,4.9126081,3.1470151,-2.2686267,49.145622
1.7344854,6.2238708,3.14676,-6.9580479,69.681183
1.6122322,9.0267544,2.4147015,-7.8739729,-20.464054
1.7359717,11.592297,1.9933584,-5.998982,-7.6021595
2.1794791,9.3967342,3.0822802,-4.8012242,-12.766843
2.0868244,4.5579853,2.3960166,-2.5455184,73.193047
1.4750043,7.4950624,.79971385,-5.9519415,20.548277
2.4388232,7.8016529,4.900352,-1.3721323,1.5188735
2.2247579,6.6916175,2.5930762,-2.3961153,12.297668
2.950902,7.6762371,4.1107655,1.3059316,61.226063
2.0892973,12.015839,2.9842663,-5.0191698,47.400482
2.6271257,5.6087208,4.0411248,-.054235935,105.42368
1.979757,9.0686445,3.6787493,-3.7633958,-83.734467
2.5388105,5.8647008,3.978476,.22532177,18.403526
1.3267999,13.735228,3.9855194,-10.309099,-29.47188
1.7396276,4.3442745,1.1649153,-2.0399029,11.593948
1.6350982,6.9921894,1.9346502,-5.6410155,-25.226439
1.6110613,10.11506,4.4735022,-10.206429,-27.750353
2.0165775,10.132791,4.2098703,-5.5301762,76.650002
2.0446761,10.175898,4.5037026,-4.6654463,-102.71241
2.3267295,8.5152569,1.5169692,-2.8883996,-31.64036
1.9635446,8.7114038,3.15576,-4.3548369,63.559559
2.9566023,6.8247509,4.2739773,.32536602,3.0628788
2.7630205,5.6257887,3.9893205,-.28437555,85.487915
1.4387898,7.2813106,2.9060524,-7.7532063,6.2708774
1.7860328,5.1097937,2.4386942,-3.7623425,68.97287
1.9414327,10.485929,2.8814158,-4.8988924,-33.622066
1.7385893,11.868646,2.6379745,-6.9756188,197.03596
1.8574281,5.0180435,3.6609621,-3.3473959,-9.2180309
2.1404541,9.7613239,2.1721764,-3.1277957,53.620125
2.4081757,6.482338,3.6790509,-.91461813,83.35511
2.712605,7.449523,3.5935817,-.75091541,18.152037
2.3985915,8.0687475,3.9343991,-1.2227898,116.89673
.77077448,6.5122952,2.8732049,-10.684445,-67.170158
1.7168434,4.6007204,2.7600498,-4.1939616,32.217144
1.7782454,5.8335648,2.5147648,-3.1196494,-31.800081
2.1770189,5.7520065,2.8462369,-2.2544014,13.482759
1.3166995,10.216996,2.8603778,-9.6397552,21.270844
2.0751469,6.7038717,2.2485776,-3.5224757,76.193443
2.6867323,6.8493876,4.5651164,-1.4828558,-121.725
1.742835,8.3204069,3.2118139,-5.9912047,-87.193222
2.4976249,12.168037,4.1388421,-4.1931143,123.19321
2.0832303,7.9061332,1.8052627,-2.9756079,-53.62001
1.9700344,9.4060431,2.5835338,-3.5759981,130.91525
1.9463314,7.2154865,1.8816876,-3.1096289,24.034897
1.4627807,6.962853,3.4519904,-6.5761757,86.079041
1.8837899,7.5901084,3.2157738,-3.8861263,-10.454268
1.7474223,10.881428,2.3115845,-5.4500813,-20.082575
1.954664,6.0325003,2.585094,-2.6415753,4.4620409
1.9902569,5.9236631,2.3359919,-3.233336,2.979574
1.975081,3.9246535,3.7031045,-2.2841468,177.12993
1.8593255,5.7663422,4.0124655,-4.7997828,-14.702084
2.7720947,6.3057079,3.152087,-.50612557,47.720161
2.5598915,10.376962,3.8329296,-3.4082837,9.4510059
3.1194553,10.575541,3.2337563,.25954783,132.48773
1.7387434,9.145381,2.6938844,-6.4566655,-22.334078
2.2360237,8.2715225,4.1440115,-1.7708154,-40.794479
2.0985029,12.505787,2.5124266,-5.8676453,15.158627
2.5276208,9.2319136,2.1723228,.56869102,-3.2680039
2.3160193,6.6941371,4.5959282,-2.3536105,-26.385862
2.6985784,12.496405,5.4030299,-2.973099,-23.715479
1.5904753,10.664916,3.3532319,-8.402256,-75.840691
2.3784847,5.6133947,3.5137622,-.085904241,-54.686157
2.0249486,7.2748289,4.1258841,-3.8614178,-19.791943
2.0136373,9.3701019,3.3601584,-6.7498388,87.190735
1.9848088,8.5943661,3.4764891,-3.8736193,-136.2056
1.9567214,8.2089815,2.5401044,-4.3794537,-18.074947
2.6091959,5.7012925,4.2775149,.62462509,-69.715279
2.3768306,7.0087371,2.7475011,-1.7917166,12.19491
1.5344715,6.225822,1.8703097,-5.690237,19.392921
2.0494869,7.1675067,2.5086048,-2.730664,46.807873
2.2662129,7.0287638,3.9583874,-2.4016628,-48.113285
2.0389681,6.548727,2.1193609,-2.4005342,-37.485569
1.1298375,7.3191066,1.3651595,-6.5808406,26.496675
1.1817799,10.233622,2.8013716,-10.740098,-1.6062255
1.8528517,7.7973094,5.4841881,-6.9847989,51.866261
1.7158519,5.8416014,3.0571828,-4.7663021,29.392176
3.0255847,7.7052679,3.7092452,3.8801126,102.62209
1.8576564,9.3999929,3.4511528,-6.7022572,42.830482
2.2125885,10.256192,3.6581936,-3.0655804,-18.797268
1.7749527,6.4566665,2.9837539,-4.3014135,-12.399194
.22612643,7.0387473,1.2836647,-12.032988,49.022697
1.5659401,12.221286,2.8328586,-7.850306,-57.026718
1.7883466,11.459694,2.9106851,-7.2817764,22.285509
1.2839508,5.1338968,1.3901906,-5.1726408,30.998709
1.2651817,5.8175182,1.7855704,-6.9264078,-23.530207
2.0369608,12.285709,3.4069152,-6.5240965,-29.053349
2.6388843,8.4836483,2.7748845,-1.3610871,-2.3602648
3.1314216,6.7210822,4.3199768,2.2618051,-144.8017
1.6641463,7.5107737,1.6465343,-5.3725128,-27.640755
2.161257,10.417934,1.8153472,-2.0778825,-45.751354
1.5545242,5.468636,2.041728,-4.6722922,11.586916
1.9420657,7.6378942,2.369211,-3.6617329,-45.296722
1.8574996,10.433715,1.7910973,-5.8258767,-10.067327
2.8837066,6.3051071,3.5971742,1.7982922,201.42894
2.1267338,7.8607607,5.5420141,-4.2413573,66.683235
2.70841,8.1466751,4.2736902,-1.276453,207.50955
1.6928589,5.9986925,1.886806,-4.612401,40.451359
1.4735744,8.657402,1.289095,-6.8929973,5.9166365
1.1914756,7.592598,1.8392874,-7.0303245,31.826853
1.4956205,8.8886757,3.1255994,-6.8048377,-89.005074
2.0762424,7.2252693,1.9517255,-2.949455,8.7322321
2.2042649,9.5921698,4.8449183,-5.1298318,143.26286
2.4585447,6.5103302,2.8338742,-.071633816,27.808081
2.5762544,7.8919878,4.3319726,-.19426119,53.04039
2.0819447,9.4085369,2.5532107,-4.383286,120.34903
2.9849319,5.7190137,2.7006869,2.9085293,36.885902
1.4713573,6.5204072,1.7808787,-4.5068622,-14.701507
2.5124269,6.9861155,4.5222993,-1.9240301,-148.11244
2.4587474,8.9824715,3.2104089,-2.3704624,69.796967
2.5366888,6.5968199,4.4619598,.42733753,-86.178337
1.3675305,8.3669786,3.6336162,-8.1955881,-192.66312
2.1290464,5.1942759,2.302649,-2.6665962,49.985535
2.6785262,9.2229195,4.5607176,-1.6654328,92.832924
1.8007649,7.7336669,3.0644197,-6.0431709,66.689522
2.0773218,10.755672,3.4831059,-6.655901,-86.490234
1.378758,7.5390224,4.2614012,-8.2999516,31.973974
1.7804338,7.0079565,1.8232471,-3.4895868,-12.410348
1.9920007,11.254958,3.9353156,-5.1033382,-31.707888
2.1024067,8.0182819,3.4548771,-4.0767999,25.931086
1.8583384,7.8419704,.88705802,-5.285265,-14.246849
2.6391888,4.5040007,.76896477,4.4479465,9.1527328
1.3776748,9.0964642,3.2804012,-9.305975,81.727905
2.028522,8.6129513,1.5990328,-2.1618116,-29.408344
2.576849,8.0807953,2.6045587,-.24946463,5.0377946
1.7424026,7.6252112,2.9614828,-4.3028927,-64.070862
1.9283352,5.0667858,2.4225955,-2.751245,-65.080795
2.6832898,7.8603868,3.5277267,.130216,-.71375078
2.0233221,6.6901855,2.6761196,-3.3398883,90.089439
1.7663386,9.6463642,2.8313437,-6.1282606,39.500267
1.9111639,7.2011313,4.0575199,-4.9188995,-34.80299
1.5400076,9.2030687,4.0508337,-7.6055307,1.8862573
1.9370641,6.1417732,4.0514994,-4.4825387,77.388474
1.107424,9.7809467,2.0896482,-11.090964,11.386918
.84294677,6.8652902,1.7694713,-9.7107229,-20.393988
1.5875717,9.9889593,1.7214702,-7.0719666,11.67196
1.5519569,5.2972655,1.5753673,-4.8452091,13.511215
1.9615111,7.0208206,2.6167438,-3.1196833,-13.856097
.93156242,3.2749181,1.4915293,-7.1898251,86.28093
2.2865047,7.0524135,3.508451,-2.3843582,186.59268
2.3769481,9.3670607,5.2641778,-3.7988453,222.12001
1.5916593,6.6137524,2.7533987,-7.5083733,-12.468843
1.1056581,9.628334,2.5879941,-10.067077,-75.705322
2.2055917,10.293998,3.625495,-4.6701851,-113.81679
2.5776086,11.418484,3.1122665,-.53881454,-110.66514
2.0234265,10.065145,2.4588933,-4.4290562,-24.234758
1.723335,9.6891136,2.9421315,-6.3625655,6.0334792
1.8279941,9.1856823,2.8759508,-6.1344457,-109.00626
2.0451975,13.0219,4.0095434,-5.6251259,9.2595482
3.1404414,7.6409817,4.9486151,2.134104,148.7132
1.6932386,10.061066,2.7479618,-7.5984678,31.898205
1.6420358,6.8609829,2.7445071,-5.6451797,-25.865606
2.586133,9.9960995,2.7017794,-2.8311794,50.968403
1.3574427,8.6195669,3.0697231,-8.8652124,54.722122
1.6804705,6.2784061,2.054142,-4.7825146,18.569454
2.0692661,5.4436073,3.7840304,-3.1612062,64.048347
2.1304157,11.330452,3.5961399,-4.1024404,3.8547444
2.7156637,7.124465,3.8560855,-.73771071,98.891022
2.8022614,11.023219,5.4201136,.065109491,-81.252029
2.1499267,6.8656945,2.3686209,-2.1648138,-3.5279772
2.1418087,12.542089,2.7987781,-5.6322279,70.849342
1.90609,8.3073845,3.4566588,-5.4693027,-29.738308
2.3683312,7.0684404,3.1225412,-2.0459566,7.1591415
2.0831614,9.5528393,4.1474152,-4.950542,61.770008
2.823611,7.6480808,4.3182983,-.60480905,25.929462
1.9508862,5.530138,2.1600826,-3.7550113,50.057518
2.1509013,6.6597247,3.1993158,-1.3951684,40.313442
2.715735,4.7137232,2.0058022,3.2436774,115.60262
1.7431669,7.9717917,2.5920987,-5.5978613,6.6179085
2.5708714,7.3680334,.93772697,1.6507978,-8.5452185
1.9968498,9.5709686,3.1617785,-4.3809495,53.232132
2.7024972,3.8702021,4.8914618,1.1578515,6.3951917
1.6281545,12.01038,3.3962414,-6.9873948,114.83633
2.7750778,7.8582773,4.9424829,.61116433,52.623272
1.229237,10.828478,3.8479421,-9.4300585,-19.619383
1.8651011,9.085947,3.8125479,-2.8138309,58.399807
.99916995,8.8624105,1.9737904,-9.4916143,23.420977
1.7850667,6.9602809,2.4927793,-4.8653903,112.01114
2.7217913,14.244585,3.4065628,-2.153116,123.38178
1.5273284,6.5614119,2.0844517,-5.8281269,53.136383
1.8128715,6.4640498,2.3500571,-4.7643304,114.19649
1.9710871,8.4430256,2.2203057,-4.4330807,-16.584839
1.5984904,7.2931037,3.3103464,-5.5005126,58.509705
3.7134161,11.24953,5.2027106,2.9725325,-41.317997
2.2930439,8.3299408,2.5636697,-2.8870146,-15.590281
2.0771174,4.9572325,2.595073,-3.4155428,69.46843
2.29634,3.6140823,2.1668801,.43039989,59.988277
1.5159929,10.296936,2.4088323,-8.3561831,2.5829885
2.0028913,3.7568808,2.1797972,-2.6758018,-9.2001667
2.1615558,8.0182943,4.0109468,-3.9604957,123.53132
2.2053213,8.4894943,3.5512404,-2.6387267,-14.637382
2.3737473,11.045139,2.2797122,-3.6446843,-76.584679
1.2005756,7.0873194,3.5056767,-7.4651766,-10.948428
2.1271894,8.7515373,2.4604185,-3.6609349,55.191345
2.0312483,10.300133,1.8815311,-4.6228004,-27.586504
2.2217574,7.9815617,2.9849572,-3.4809399,-51.517704
2.2311726,8.9348745,4.1282129,-5.066699,38.748848
2.943104,11.626835,2.3806572,.7165494,43.892151
2.4849072,8.8813257,5.3810825,-2.3436728,203.15804
1.1480663,10.76377,1.1134981,-9.2055111,-54.174423
1.8865786,9.5381041,2.8340058,-5.9742341,-54.704811
1.5359174,7.7617788,3.1798892,-6.4249139,-38.720222
1.685632,7.5886965,3.3542795,-5.3122406,39.441029
2.4845741,9.3526621,5.544383,-2.2527921,99.978065
1.3609917,5.5772462,2.3880594,-6.1932435,77.581718
2.2798443,10.074474,3.5696487,-3.186888,-123.3173
1.9625769,9.3848972,3.0342681,-4.7643833,33.481972
1.701048,6.0597949,2.4020371,-4.3560653,-11.477834
2.6011815,9.1337633,4.2454548,.15134287,-4.7000494
2.8647275,10.117032,2.8830793,1.1747615,94.930267
2.4746096,8.5752182,3.5027254,-1.5343275,-77.119392
2.1112394,7.6410627,3.0240638,-3.2399943,52.198772
2.1182923,6.2223067,4.5321035,-3.9739196,35.856003
1.9201363,5.1790352,1.5825229,-2.8739734,-69.658073
2.7789254,9.7619829,3.8079929,-1.2568653,120.28123
1.2161756,8.2541494,1.9487311,-7.4187202,-19.592707
1.283216,8.3265028,3.371439,-10.142671,9.377285
1.5966862,7.345468,1.5722702,-6.9036918,-47.330879
2.2950194,7.349812,4.1009607,-3.2607689,47.132221
2.1058931,7.7269692,3.3719976,-3.2155893,-41.796185
1.9602073,8.8956347,2.4407768,-5.760458,-129.14893
2.3378966,12.950956,4.446413,-4.4005623,26.196371
2.0462027,8.2473202,2.9303188,-3.8961039,58.571442
2.1444879,8.0561638,2.1761632,-3.1606379,75.276077
1.7413945,8.4027462,2.2268708,-6.0148568,26.113667
1.1995934,7.3031492,2.3803263,-8.3507118,-62.007565
2.2001643,10.570629,3.8808146,-4.2213702,-6.2470083
1.6129482,11.119967,1.4763304,-6.3349032,27.011343
1.460273,9.4073486,1.8925365,-7.3725204,-34.408932
2.1987231,6.0632305,2.4883611,-.40069509,-89.0774
2.2483165,5.6827049,3.7166882,-2.3100948,-51.936314
2.5238287,8.4939175,2.7695241,-3.5793631,-72.68499
1.926867,8.514122,3.4199352,-5.4891434,-128.84988
2.2859452,5.1986017,2.6449811,-.45833182,81.585594
2.5704384,7.9095497,3.562408,-1.1695938,17.282743
1.9710677,5.2356157,3.3726053,-3.4337735,32.364639
2.7995739,11.383633,3.656621,-.60870898,-96.798683
2.0430455,12.126291,4.4685287,-6.7115569,-80.49601
2.0117145,5.3712606,3.2819576,-3.1200123,33.949551
2.4932566,7.7719903,3.3196936,-2.1802516,70.748947
2.154242,6.0406251,2.5642054,-1.2690871,19.827053
1.2079482,7.2089701,2.5907118,-8.4745522,23.406378
1.5282065,10.791849,2.7516303,-8.1645861,-32.584717
1.6297308,7.4408488,2.659507,-6.2344961,-50.719315
1.9362812,8.0608177,3.0580399,-2.6062248,-17.665058
2.219008,6.7134142,3.2790141,-2.2144508,156.06033
2.6667409,5.3563051,2.792645,.91848183,53.151012
2.3047681,7.4182882,2.9368901,-3.3404326,-6.5997038
2.1767216,6.8971124,2.437515,-2.2412143,-49.818958
1.2794681,9.2426014,1.937968,-8.0677166,-53.572662
.91736042,6.1253891,.82479548,-7.5499396,-13.846306
2.6506319,7.8248291,3.8052785,-1.3563385,43.758278
2.3317828,8.0704679,3.3351295,-1.8657016,3.3954992
2.3399212,11.125343,3.4092259,-2.868012,-24.27305
1.5977261,10.395767,4.6735277,-8.9327354,74.351242
2.0198278,7.1559834,3.1358745,-4.3078618,49.072853
2.0674064,8.7924166,1.9025147,-3.1152022,29.70731
.96426094,5.8537369,1.1600066,-10.482876,5.1203909
2.0642188,11.018588,5.0791035,-5.812047,151.54918
2.7604318,6.4808755,3.1749136,-.85459602,160.98599
2.1607947,6.1058621,3.5258176,-2.9095855,77.525986
2.3971782,9.0816555,3.473161,-3.7935779,-64.215973
3.1203699,10.362494,4.4444027,.09886992,-60.920212
2.4437878,7.5615649,3.9847238,-1.6282239,197.53676
2.5825939,6.811573,2.7597692,-.41749787,-59.360786
1.3616948,12.989731,3.111105,-10.300046,-86.715706
2.0027351,6.0245714,2.0091991,-1.4396644,-13.281035
1.7101749,9.1010571,2.1852622,-5.0061359,15.021453
2.3848391,10.10181,2.4695709,-2.8702893,-52.180676
1.8537506,8.2922754,1.9939868,-3.9181006,47.725414
1.1329412,6.9895034,1.8348064,-6.9645896,-27.992565
1.9045782,10.708948,2.5432689,-5.1745181,28.699392
1.6992476,9.356575,2.8571482,-6.4582496,95.046387
2.0885546,9.6646891,4.2361116,-3.6588821,129.33577
2.4317961,9.0918312,1.9237604,-.58066881,8.3429384
3.0686471,7.2151203,5.9170737,1.9577295,219.17589
2.7928731,8.1511497,4.2871518,-.25420105,-44.045948
2.6536751,8.8349581,4.3965664,-.89010918,55.834347
1.4317963,9.4513636,.40086102,-4.803781,1.9940281
1.9836216,9.6431341,2.2794533,-5.2043037,60.86974
2.3911717,10.789236,3.1718793,-3.3573985,113.16017
1.5196652,7.4231024,2.0420392,-6.7565503,-10.114333
1.5296564,11.305386,2.8609436,-8.6332302,-29.920143
2.0594378,8.8853226,3.1082919,-4.3027682,-77.02816
1.4813025,9.289299,2.6945946,-6.631176,-55.734772
1.768672,8.7606716,3.5208294,-6.601162,-11.35431
2.3423769,6.6700516,3.015938,-1.0456295,-.52919436
2.79231,9.5382204,4.0317292,.79796875,178.61041
2.0430822,5.2934589,3.3821094,-3.1725478,107.10748
2.7898128,8.1683073,4.692945,-1.1102114,-56.465702
1.7346255,5.7391291,4.6169367,-5.3472996,100.03677
2.314316,8.9047318,5.1407557,-4.5108862,36.37447
2.5773227,3.9826498,3.653758,.55155098,38.080132
2.5137613,8.61028,3.5958376,-1.7635803,86.769119
